<?xml version="1.0" encoding="utf-8" ?>
<pic>

 <name model="PIC10F200">
	<id>0x0000</id>
	<type>11</type>
	<f_size>512</f_size>
	<f_psize>1</f_psize>
	<ee_size>0</ee_size>
	<f_start>0</f_start>
	<ee_start>0</ee_start>
	<ee_type>2</ee_type>
	<conf1>000FFF</conf1>
	<conf2>none</conf2>
	<conf3>none</conf3>
	<conf4>none</conf4>
	<conf5>none</conf5>
	<conf6>none</conf6>
	<conf7>none</conf7>
	<oscal1>000104</oscal1>
	<oscal2>none</oscal2>
	<oscal3>none</oscal3>
	<delay>3</delay>
	<word>0FFF</word>
  </name>
  
 <name model="PIC10F202">
	<id>0x0000</id>
	<type>12</type>
	<f_size>1024</f_size>
	<f_psize>1</f_psize>
	<ee_size>0</ee_size>
	<f_start>0</f_start>
	<ee_start>0</ee_start>
	<ee_type>2</ee_type>
	<conf1>000FFF</conf1>
	<conf2>none</conf2>
	<conf3>none</conf3>
	<conf4>none</conf4>
	<conf5>none</conf5>
	<conf6>none</conf6>
	<conf7>none</conf7>
	<oscal1>000204</oscal1>
	<oscal2>none</oscal2>
	<oscal3>none</oscal3>
	<delay>3</delay>
	<word>0FFF</word>
  </name>
  
 <name model="PIC10F204">
	<id>0x0000</id>
	<type>11</type>
	<f_size>512</f_size>
	<f_psize>1</f_psize>
	<ee_size>0</ee_size>
	<f_start>0</f_start>
	<ee_start>0</ee_start>
	<ee_type>2</ee_type>
	<conf1>000FFF</conf1>
	<conf2>none</conf2>
	<conf3>none</conf3>
	<conf4>none</conf4>
	<conf5>none</conf5>
	<conf6>none</conf6>
	<conf7>none</conf7>
	<oscal1>000104</oscal1>
	<oscal2>none</oscal2>
	<oscal3>none</oscal3>
	<delay>3</delay>
	<word>0FFF</word>
  </name>

 <name model="PIC10F206">
	<id>0x0000</id>
	<type>12</type>
	<f_size>1024</f_size>
	<f_psize>1</f_psize>
	<ee_size>0</ee_size>
	<f_start>0</f_start>
	<ee_start>0</ee_start>
	<ee_type>2</ee_type>
	<conf1>000FFF</conf1>
	<conf2>none</conf2>
	<conf3>none</conf3>
	<conf4>none</conf4>
	<conf5>none</conf5>
	<conf6>none</conf6>
	<conf7>none</conf7>
	<oscal1>000204</oscal1>
	<oscal2>none</oscal2>
	<oscal3>none</oscal3>
	<delay>3</delay>
	<word>0FFF</word>
  </name>
  
 <name model="PIC10F220">
	<id>0x0000</id>
	<type>11</type>
	<f_size>512</f_size>
	<f_psize>1</f_psize>
	<ee_size>0</ee_size>
	<f_start>0</f_start>
	<ee_start>0</ee_start>
	<ee_type>2</ee_type>
	<conf1>000FFF</conf1>
	<conf2>none</conf2>
	<conf3>none</conf3>
	<conf4>none</conf4>
	<conf5>none</conf5>
	<conf6>none</conf6>
	<conf7>none</conf7>
	<oscal1>000104</oscal1>
	<oscal2>none</oscal2>
	<oscal3>none</oscal3>
	<delay>3</delay>
	<word>0FFF</word>
  </name>
  
 <name model="PIC10F222">
	<id>0x0000</id>
	<type>12</type>
	<f_size>1024</f_size>
	<f_psize>1</f_psize>
	<ee_size>0</ee_size>
	<f_start>0</f_start>
	<ee_start>0</ee_start>
	<ee_type>2</ee_type>
	<conf1>000FFF</conf1>
	<conf2>none</conf2>
	<conf3>none</conf3>
	<conf4>none</conf4>
	<conf5>none</conf5>
	<conf6>none</conf6>
	<conf7>none</conf7>
	<oscal1>000204</oscal1>
	<oscal2>none</oscal2>
	<oscal3>none</oscal3>
	<delay>3</delay>
	<word>0FFF</word>
  </name>
  
  <name model="PIC10F320">
	<id>0x29A0</id>
	<type>7</type>
	<f_size>512</f_size>
	<f_psize>1</f_psize>
	<ee_size>0</ee_size>
	<f_start>0</f_start>
	<ee_start>0</ee_start>
	<ee_type>2</ee_type>
	<conf1>002007</conf1>
	<conf2>none</conf2>
	<conf3>none</conf3>
	<conf4>none</conf4>
	<conf5>none</conf5>
	<conf6>none</conf6>
	<conf7>none</conf7>
	<oscal1>008008</oscal1>
	<oscal2>008009</oscal2>
	<oscal3>none</oscal3>
	<delay>3</delay>
	<word>3FFF</word>
  </name>
  
  <name model="PIC10F322">
	<id>0x2980</id>
	<type>7</type>
	<f_size>1024</f_size>
	<f_psize>1</f_psize>
	<ee_size>0</ee_size>
	<f_start>0</f_start>
	<ee_start>0</ee_start>
	<ee_type>2</ee_type>
	<conf1>002007</conf1>
	<conf2>none</conf2>
	<conf3>none</conf3>
	<conf4>none</conf4>
	<conf5>none</conf5>
	<conf6>none</conf6>
	<conf7>none</conf7>
	<oscal1>008008</oscal1>
	<oscal2>008009</oscal2>
	<oscal3>none</oscal3>
	<delay>3</delay>
	<word>3FFF</word>
  </name>
  
  <name model="PIC12F1501">
	<id>0x2CC0</id>
	<type>7</type>
	<f_size>2048</f_size>
	<f_psize>1</f_psize>
	<ee_size>0</ee_size>
	<f_start>0</f_start>
	<ee_start>0</ee_start>
	<ee_type>2</ee_type>
	<conf1>008007</conf1>
	<conf2>008008</conf2>
	<conf3>none</conf3>
	<conf4>none</conf4>
	<conf5>none</conf5>
	<conf6>none</conf6>
	<conf7>none</conf7>
	<oscal1>008009</oscal1>
	<oscal2>00800A</oscal2>
	<oscal3>none</oscal3>
	<delay>3</delay>
	<word>3FFF</word>
  </name>

 <name model="PIC12F1822">
	<id>0x2700</id>
	<type>7</type>
	<f_size>4096</f_size>
	<f_psize>1</f_psize>
	<ee_size>256</ee_size>
	<f_start>0</f_start>
	<ee_start>01E000</ee_start>
	<ee_type>2</ee_type>
	<conf1>008007</conf1>
	<conf2>008008</conf2>
	<conf3>none</conf3>
	<conf4>none</conf4>
	<conf5>none</conf5>
	<conf6>none</conf6>
	<conf7>none</conf7>
	<oscal1>008009</oscal1>
	<oscal2>00800A</oscal2>
	<oscal3>none</oscal3>
	<delay>3</delay>
	<word>3FFF</word>
  </name>

 <name model="PIC12F1840">
	<id>0x1B80</id>
	<type>7</type>
	<f_size>8192</f_size>
	<f_psize>1</f_psize>
	<ee_size>256</ee_size>
	<f_start>0</f_start>
	<ee_start>01E000</ee_start>
	<ee_type>2</ee_type>
	<conf1>008007</conf1>
	<conf2>008008</conf2>
	<conf3>none</conf3>
	<conf4>none</conf4>
	<conf5>none</conf5>
	<conf6>none</conf6>
	<conf7>none</conf7>
	<oscal1>008009</oscal1>
	<oscal2>00800A</oscal2>
	<oscal3>none</oscal3>
	<delay>3</delay>
	<word>3FFF</word>
  </name>

 <name model="PIC12F510">
	<id>0x0000</id>
	<type>10</type>
	<f_size>2048</f_size>
	<f_psize>1</f_psize>
	<ee_size>0</ee_size>
	<f_start>0</f_start>
	<ee_start>0</ee_start>
	<ee_type>2</ee_type>
	<conf1>000FFF</conf1>
	<conf2>none</conf2>
	<conf3>none</conf3>
	<conf4>none</conf4>
	<conf5>none</conf5>
	<conf6>none</conf6>
	<conf7>none</conf7>
	<oscal1>000404</oscal1>
	<oscal2>none</oscal2>
	<oscal3>none</oscal3>
	<delay>3</delay>
	<word>0FFF</word>
  </name>

 <name model="PIC12F629/675">
	<id>0x0F80</id>
	<type>6</type>
	<f_size>2048</f_size>
	<f_psize>1</f_psize>
	<ee_size>128</ee_size>
	<f_start>0</f_start>
	<ee_start>002100</ee_start>
	<ee_type>2</ee_type>
	<conf1>002007</conf1>
	<conf2>none</conf2>
	<conf3>none</conf3>
	<conf4>none</conf4>
	<conf5>none</conf5>
	<conf6>none</conf6>
	<conf7>none</conf7>
	<oscal1>0003FF</oscal1>
	<oscal2>none</oscal2>
	<oscal3>none</oscal3>
	<delay>3</delay>
	<word>3FFF</word>
  </name>
   
  <name model="PIC12F635">
	<id>0x1F40</id>
	<type>7</type>
	<f_size>2048</f_size>
	<f_psize>1</f_psize>
	<ee_size>128</ee_size>
	<f_start>0</f_start>
	<ee_start>002100</ee_start>
	<ee_type>2</ee_type>
	<conf1>002007</conf1>
	<conf2>none</conf2>
	<conf3>none</conf3>
	<conf4>none</conf4>
	<conf5>none</conf5>
	<conf6>none</conf6>
	<conf7>none</conf7>
	<oscal1>002008</oscal1>
	<oscal2>002009</oscal2>
	<oscal3>none</oscal3>
	<delay>3</delay>
	<word>3FFF</word>
  </name> 
 
  <name model="PIC12F683">
	<id>0x08C0</id>
	<type>7</type>
	<f_size>4096</f_size>
	<f_psize>1</f_psize>
	<ee_size>256</ee_size>
	<f_start>0</f_start>
	<ee_start>002100</ee_start>
	<ee_type>2</ee_type>
	<conf1>002007</conf1>
	<conf2>none</conf2>
	<conf3>none</conf3>
	<conf4>none</conf4>
	<conf5>none</conf5>
	<conf6>none</conf6>
	<conf7>none</conf7>
	<oscal1>002008</oscal1>
	<oscal2>none</oscal2>
	<oscal3>none</oscal3>
	<delay>3</delay>
	<word>3FFF</word>
  </name>

  <name model="PIC16F1503">
	<id>0x2CE0</id>
	<type>7</type>
	<f_size>4096</f_size>
	<f_psize>1</f_psize>
	<ee_size>0</ee_size>
	<f_start>0</f_start>
	<ee_start>0</ee_start>
	<ee_type>2</ee_type>
	<conf1>008007</conf1>
	<conf2>008008</conf2>
	<conf3>none</conf3>
	<conf4>none</conf4>
	<conf5>none</conf5>
	<conf6>none</conf6>
	<conf7>none</conf7>
	<oscal1>008009</oscal1>
	<oscal2>00800A</oscal2>
	<oscal3>none</oscal3>
	<delay>3</delay>
	<word>3FFF</word>
  </name>
  
  <name model="PIC16F1507">
	<id>0x2DC0</id>
	<type>7</type>
	<f_size>4096</f_size>
	<f_psize>1</f_psize>
	<ee_size>0</ee_size>
	<f_start>0</f_start>
	<ee_start>0</ee_start>
	<ee_type>2</ee_type>
	<conf1>008007</conf1>
	<conf2>008008</conf2>
	<conf3>none</conf3>
	<conf4>none</conf4>
	<conf5>none</conf5>
	<conf6>none</conf6>
	<conf7>none</conf7>
	<oscal1>008009</oscal1>
	<oscal2>00800A</oscal2>
	<oscal3>none</oscal3>
	<delay>3</delay>
	<word>3FFF</word>
  </name>
 
  <name model="PIC16F1508">
	<id>0x2D20</id>
	<type>7</type>
	<f_size>8192</f_size>
	<f_psize>1</f_psize>
	<ee_size>0</ee_size>
	<f_start>0</f_start>
	<ee_start>0</ee_start>
	<ee_type>2</ee_type>
	<conf1>008007</conf1>
	<conf2>008008</conf2>
	<conf3>none</conf3>
	<conf4>none</conf4>
	<conf5>none</conf5>
	<conf6>none</conf6>
	<conf7>none</conf7>
	<oscal1>008009</oscal1>
	<oscal2>00800A</oscal2>
	<oscal3>none</oscal3>
	<delay>3</delay>
	<word>3FFF</word>
  </name>
  
  <name model="PIC16F1509">
	<id>0x2D40</id>
	<type>7</type>
	<f_size>16384</f_size>
	<f_psize>1</f_psize>
	<ee_size>0</ee_size>
	<f_start>0</f_start>
	<ee_start>0</ee_start>
	<ee_type>2</ee_type>
	<conf1>008007</conf1>
	<conf2>008008</conf2>
	<conf3>none</conf3>
	<conf4>none</conf4>
	<conf5>none</conf5>
	<conf6>none</conf6>
	<conf7>none</conf7>
	<oscal1>008009</oscal1>
	<oscal2>00800A</oscal2>
	<oscal3>none</oscal3>
	<delay>3</delay>
	<word>3FFF</word>
  </name>

  <name model="PIC16F1512">
	<id>0x1700</id>
	<type>7</type>
	<f_size>4096</f_size>
	<f_psize>1</f_psize>
	<ee_size>0</ee_size>
	<f_start>0</f_start>
	<ee_start>0</ee_start>
	<ee_type>2</ee_type>
	<conf1>008007</conf1>
	<conf2>008008</conf2>
	<conf3>none</conf3>
	<conf4>none</conf4>
	<conf5>none</conf5>
	<conf6>none</conf6>
	<conf7>none</conf7>
	<oscal1>008009</oscal1>
	<oscal2>00800A</oscal2>
	<oscal3>none</oscal3>
	<delay>3</delay>
	<word>3FFF</word>
  </name> 

  <name model="PIC16F1513">
	<id>0x1640</id>
	<type>7</type>
	<f_size>8192</f_size>
	<f_psize>1</f_psize>
	<ee_size>0</ee_size>
	<f_start>0</f_start>
	<ee_start>0</ee_start>
	<ee_type>2</ee_type>
	<conf1>008007</conf1>
	<conf2>008008</conf2>
	<conf3>none</conf3>
	<conf4>none</conf4>
	<conf5>none</conf5>
	<conf6>none</conf6>
	<conf7>none</conf7>
	<oscal1>008009</oscal1>
	<oscal2>00800A</oscal2>
	<oscal3>none</oscal3>
	<delay>3</delay>
	<word>3FFF</word>
  </name>  
  
<name model="PIC16F1516">
	<id>0x1680</id>
	<type>7</type>
	<f_size>16384</f_size>
	<f_psize>1</f_psize>
	<ee_size>0</ee_size>
	<f_start>0</f_start>
	<ee_start>0</ee_start>
	<ee_type>2</ee_type>
	<conf1>008007</conf1>
	<conf2>008008</conf2>
	<conf3>none</conf3>
	<conf4>none</conf4>
	<conf5>none</conf5>
	<conf6>none</conf6>
	<conf7>none</conf7>
	<oscal1>008009</oscal1>
	<oscal2>00800A</oscal2>
	<oscal3>none</oscal3>
	<delay>3</delay>
	<word>3FFF</word>
  </name>
  
<name model="PIC16F1517">
	<id>0x16A0</id>
	<type>7</type>
	<f_size>16384</f_size>
	<f_psize>1</f_psize>
	<ee_size>0</ee_size>
	<f_start>0</f_start>
	<ee_start>0</ee_start>
	<ee_type>2</ee_type>
	<conf1>008007</conf1>
	<conf2>008008</conf2>
	<conf3>none</conf3>
	<conf4>none</conf4>
	<conf5>none</conf5>
	<conf6>none</conf6>
	<conf7>none</conf7>
	<oscal1>008009</oscal1>
	<oscal2>00800A</oscal2>
	<oscal3>none</oscal3>
	<delay>3</delay>
	<word>3FFF</word>
  </name>
  
<name model="PIC16F1518">
	<id>0x16C0</id>
	<type>7</type>
	<f_size>32768</f_size>
	<f_psize>1</f_psize>
	<ee_size>0</ee_size>
	<f_start>0</f_start>
	<ee_start>0</ee_start>
	<ee_type>2</ee_type>
	<conf1>008007</conf1>
	<conf2>008008</conf2>
	<conf3>none</conf3>
	<conf4>none</conf4>
	<conf5>none</conf5>
	<conf6>none</conf6>
	<conf7>none</conf7>
	<oscal1>008009</oscal1>
	<oscal2>00800A</oscal2>
	<oscal3>none</oscal3>
	<delay>3</delay>
	<word>3FFF</word>
  </name>
  
<name model="PIC16F1519">
	<id>0x16E0</id>
	<type>7</type>
	<f_size>32768</f_size>
	<f_psize>1</f_psize>
	<ee_size>0</ee_size>
	<f_start>0</f_start>
	<ee_start>0</ee_start>
	<ee_type>2</ee_type>
	<conf1>008007</conf1>
	<conf2>008008</conf2>
	<conf3>none</conf3>
	<conf4>none</conf4>
	<conf5>none</conf5>
	<conf6>none</conf6>
	<conf7>none</conf7>
	<oscal1>008009</oscal1>
	<oscal2>00800A</oscal2>
	<oscal3>none</oscal3>
	<delay>3</delay>
	<word>3FFF</word>
  </name>
 
<name model="PIC16F1526">
	<id>0x15C0</id>
	<type>7</type>
	<f_size>16384</f_size>
	<f_psize>1</f_psize>
	<ee_size>0</ee_size>
	<f_start>0</f_start>
	<ee_start>0</ee_start>
	<ee_type>2</ee_type>
	<conf1>008007</conf1>
	<conf2>008008</conf2>
	<conf3>none</conf3>
	<conf4>none</conf4>
	<conf5>none</conf5>
	<conf6>none</conf6>
	<conf7>none</conf7>
	<oscal1>008009</oscal1>
	<oscal2>00800A</oscal2>
	<oscal3>none</oscal3>
	<delay>3</delay>
	<word>3FFF</word>
  </name>
 
<name model="PIC16F1527">
	<id>0x15E0</id>
	<type>7</type>
	<f_size>32768</f_size>
	<f_psize>1</f_psize>
	<ee_size>0</ee_size>
	<f_start>0</f_start>
	<ee_start>0</ee_start>
	<ee_type>2</ee_type>
	<conf1>008007</conf1>
	<conf2>008008</conf2>
	<conf3>none</conf3>
	<conf4>none</conf4>
	<conf5>none</conf5>
	<conf6>none</conf6>
	<conf7>none</conf7>
	<oscal1>008009</oscal1>
	<oscal2>00800A</oscal2>
	<oscal3>none</oscal3>
	<delay>3</delay>
	<word>3FFF</word>
  </name>

<name model="PIC16F1703">
	<id>0x3061</id>
	<type>7</type>
	<f_size>4096</f_size>
	<f_psize>1</f_psize>
	<ee_size>0</ee_size>
	<f_start>0</f_start>
	<ee_start>0</ee_start>
	<ee_type>2</ee_type>
	<conf1>008007</conf1>
	<conf2>008008</conf2>
	<conf3>none</conf3>
	<conf4>none</conf4>
	<conf5>none</conf5>
	<conf6>none</conf6>
	<conf7>none</conf7>
	<oscal1>008009</oscal1>
	<oscal2>00800A</oscal2>
	<oscal3>00800B</oscal3>
	<delay>3</delay>
	<word>3FFF</word>
  </name>
  
<name model="PIC16F1704">
	<id>0x3043</id>
	<type>7</type>
	<f_size>8192</f_size>
	<f_psize>1</f_psize>
	<ee_size>0</ee_size>
	<f_start>0</f_start>
	<ee_start>0</ee_start>
	<ee_type>2</ee_type>
	<conf1>008007</conf1>
	<conf2>008008</conf2>
	<conf3>none</conf3>
	<conf4>none</conf4>
	<conf5>none</conf5>
	<conf6>none</conf6>
	<conf7>none</conf7>
	<oscal1>008009</oscal1>
	<oscal2>00800A</oscal2>
	<oscal3>00800B</oscal3>
	<delay>3</delay>
	<word>3FFF</word>
  </name>
  
<name model="PIC16F1705">
	<id>0x3055</id>
	<type>7</type>
	<f_size>16384</f_size>
	<f_psize>1</f_psize>
	<ee_size>0</ee_size>
	<f_start>0</f_start>
	<ee_start>0</ee_start>
	<ee_type>2</ee_type>
	<conf1>008007</conf1>
	<conf2>008008</conf2>
	<conf3>none</conf3>
	<conf4>none</conf4>
	<conf5>none</conf5>
	<conf6>none</conf6>
	<conf7>none</conf7>
	<oscal1>008009</oscal1>
	<oscal2>00800A</oscal2>
	<oscal3>00800B</oscal3>
	<delay>3</delay>
	<word>3FFF</word>
  </name>
  
<name model="PIC16F1707">
	<id>0x3060</id>
	<type>7</type>
	<f_size>4096</f_size>
	<f_psize>1</f_psize>
	<ee_size>0</ee_size>
	<f_start>0</f_start>
	<ee_start>0</ee_start>
	<ee_type>2</ee_type>
	<conf1>008007</conf1>
	<conf2>008008</conf2>
	<conf3>none</conf3>
	<conf4>none</conf4>
	<conf5>none</conf5>
	<conf6>none</conf6>
	<conf7>none</conf7>
	<oscal1>008009</oscal1>
	<oscal2>00800A</oscal2>
	<oscal3>00800B</oscal3>
	<delay>3</delay>
	<word>3FFF</word>
  </name>
  
<name model="PIC16F1708">
	<id>0x3042</id>
	<type>7</type>
	<f_size>8192</f_size>
	<f_psize>1</f_psize>
	<ee_size>0</ee_size>
	<f_start>0</f_start>
	<ee_start>0</ee_start>
	<ee_type>2</ee_type>
	<conf1>008007</conf1>
	<conf2>008008</conf2>
	<conf3>none</conf3>
	<conf4>none</conf4>
	<conf5>none</conf5>
	<conf6>none</conf6>
	<conf7>none</conf7>
	<oscal1>008009</oscal1>
	<oscal2>00800A</oscal2>
	<oscal3>00800B</oscal3>
	<delay>3</delay>
	<word>3FFF</word>
  </name>
  
<name model="PIC16F1709">
	<id>0x3054</id>
	<type>7</type>
	<f_size>16384</f_size>
	<f_psize>1</f_psize>
	<ee_size>0</ee_size>
	<f_start>0</f_start>
	<ee_start>0</ee_start>
	<ee_type>2</ee_type>
	<conf1>008007</conf1>
	<conf2>008008</conf2>
	<conf3>none</conf3>
	<conf4>none</conf4>
	<conf5>none</conf5>
	<conf6>none</conf6>
	<conf7>none</conf7>
	<oscal1>008009</oscal1>
	<oscal2>00800A</oscal2>
	<oscal3>00800B</oscal3>
	<delay>3</delay>
	<word>3FFF</word>
  </name>
  
 <name model="PIC16F1823">
	<id>0x2720</id>
	<type>7</type>
	<f_size>4096</f_size>
	<f_psize>1</f_psize>
	<ee_size>256</ee_size>
	<f_start>0</f_start>
	<ee_start>01E000</ee_start>
	<ee_type>2</ee_type>
	<conf1>008007</conf1>
	<conf2>008008</conf2>
	<conf3>none</conf3>
	<conf4>none</conf4>
	<conf5>none</conf5>
	<conf6>none</conf6>
	<conf7>none</conf7>
	<oscal1>008009</oscal1>
	<oscal2>00800A</oscal2>
	<oscal3>none</oscal3>
	<delay>3</delay>
	<word>3FFF</word>
  </name>
 
 <name model="PIC16F1824">
	<id>0x2740</id>
	<type>7</type>
	<f_size>8192</f_size>
	<f_psize>1</f_psize>
	<ee_size>256</ee_size>
	<f_start>0</f_start>
	<ee_start>01E000</ee_start>
	<ee_type>2</ee_type>
	<conf1>008007</conf1>
	<conf2>008008</conf2>
	<conf3>none</conf3>
	<conf4>none</conf4>
	<conf5>none</conf5>
	<conf6>none</conf6>
	<conf7>none</conf7>
	<oscal1>008009</oscal1>
	<oscal2>00800A</oscal2>
	<oscal3>none</oscal3>
	<delay>3</delay>
	<word>3FFF</word>
  </name>
  
 <name model="PIC16F1825">
	<id>0x2760</id>
	<type>7</type>
	<f_size>16384</f_size>
	<f_psize>1</f_psize>
	<ee_size>256</ee_size>
	<f_start>0</f_start>
	<ee_start>01E000</ee_start>
	<ee_type>2</ee_type>
	<conf1>008007</conf1>
	<conf2>008008</conf2>
	<conf3>none</conf3>
	<conf4>none</conf4>
	<conf5>none</conf5>
	<conf6>none</conf6>
	<conf7>none</conf7>
	<oscal1>008009</oscal1>
	<oscal2>00800A</oscal2>
	<oscal3>none</oscal3>
	<delay>3</delay>
	<word>3FFF</word>
  </name>
 
 <name model="PIC16F1826">
	<id>0x2780</id>
	<type>7</type>
	<f_size>4096</f_size>
	<f_psize>1</f_psize>
	<ee_size>256</ee_size>
	<f_start>0</f_start>
	<ee_start>01E000</ee_start>
	<ee_type>2</ee_type>
	<conf1>008007</conf1>
	<conf2>008008</conf2>
	<conf3>none</conf3>
	<conf4>none</conf4>
	<conf5>none</conf5>
	<conf6>none</conf6>
	<conf7>none</conf7>
	<oscal1>008009</oscal1>
	<oscal2>00800A</oscal2>
	<oscal3>none</oscal3>
	<delay>3</delay>
	<word>3FFF</word>
  </name>
  
 <name model="PIC16F1827">
	<id>0x27A0</id>
	<type>7</type>
	<f_size>8192</f_size>
	<f_psize>1</f_psize>
	<ee_size>256</ee_size>
	<f_start>0</f_start>
	<ee_start>01E000</ee_start>
	<ee_type>2</ee_type>
	<conf1>008007</conf1>
	<conf2>008008</conf2>
	<conf3>none</conf3>
	<conf4>none</conf4>
	<conf5>none</conf5>
	<conf6>none</conf6>
	<conf7>none</conf7>
	<oscal1>008009</oscal1>
	<oscal2>00800A</oscal2>
	<oscal3>none</oscal3>
	<delay>3</delay>
	<word>3FFF</word>
  </name>
  
 <name model="PIC16F1828">
	<id>0x27C0</id>
	<type>7</type>
	<f_size>8192</f_size>
	<f_psize>1</f_psize>
	<ee_size>256</ee_size>
	<f_start>0</f_start>
	<ee_start>01E000</ee_start>
	<ee_type>2</ee_type>
	<conf1>008007</conf1>
	<conf2>008008</conf2>
	<conf3>none</conf3>
	<conf4>none</conf4>
	<conf5>none</conf5>
	<conf6>none</conf6>
	<conf7>none</conf7>
	<oscal1>008009</oscal1>
	<oscal2>00800A</oscal2>
	<oscal3>none</oscal3>
	<delay>3</delay>
	<word>3FFF</word>
  </name>
  
 <name model="PIC16F1829">
	<id>0x27E0</id>
	<type>7</type>
	<f_size>16384</f_size>
	<f_psize>1</f_psize>
	<ee_size>256</ee_size>
	<f_start>0</f_start>
	<ee_start>01E000</ee_start>
	<ee_type>2</ee_type>
	<conf1>008007</conf1>
	<conf2>008008</conf2>
	<conf3>none</conf3>
	<conf4>none</conf4>
	<conf5>none</conf5>
	<conf6>none</conf6>
	<conf7>none</conf7>
	<oscal1>008009</oscal1>
	<oscal2>00800A</oscal2>
	<oscal3>none</oscal3>
	<delay>3</delay>
	<word>3FFF</word>
  </name>
 
<name model="PIC16F18313">
	<id>0x3066</id>
	<type>14</type>
	<f_size>4096</f_size>
	<f_psize>1</f_psize>
	<ee_size>256</ee_size>
	<f_start>0</f_start>
	<ee_start>00F000</ee_start>
	<ee_type>2</ee_type>
	<conf1>008007</conf1>
	<conf2>008008</conf2>
	<conf3>008009</conf3>
	<conf4>00800A</conf4>
	<conf5>none</conf5>
	<conf6>none</conf6>
	<conf7>none</conf7>
	<oscal1>00E000</oscal1>
	<oscal2>00E001</oscal2>
	<oscal3>00E002</oscal3>
	<delay>3</delay>
	<word>3FFF</word>
  </name> 
  
<name model="PIC16F18323">
	<id>0x3067</id>
	<type>14</type>
	<f_size>4096</f_size>
	<f_psize>1</f_psize>
	<ee_size>256</ee_size>
	<f_start>0</f_start>
	<ee_start>00F000</ee_start>
	<ee_type>2</ee_type>
	<conf1>008007</conf1>
	<conf2>008008</conf2>
	<conf3>008009</conf3>
	<conf4>00800A</conf4>
	<conf5>none</conf5>
	<conf6>none</conf6>
	<conf7>none</conf7>
	<oscal1>00E000</oscal1>
	<oscal2>00E001</oscal2>
	<oscal3>00E002</oscal3>
	<delay>3</delay>
	<word>3FFF</word>
  </name>
  
<name model="PIC16F18324">
	<id>0x303A</id>
	<type>14</type>
	<f_size>8192</f_size>
	<f_psize>1</f_psize>
	<ee_size>256</ee_size>
	<f_start>0</f_start>
	<ee_start>00F000</ee_start>
	<ee_type>2</ee_type>
	<conf1>008007</conf1>
	<conf2>008008</conf2>
	<conf3>008009</conf3>
	<conf4>00800A</conf4>
	<conf5>none</conf5>
	<conf6>none</conf6>
	<conf7>none</conf7>
	<oscal1>00E000</oscal1>
	<oscal2>00E001</oscal2>
	<oscal3>00E002</oscal3>
	<delay>3</delay>
	<word>3FFF</word>
  </name>
  
<name model="PIC16F18325">
	<id>0x303E</id>
	<type>14</type>
	<f_size>16384</f_size>
	<f_psize>1</f_psize>
	<ee_size>256</ee_size>
	<f_start>0</f_start>
	<ee_start>00F000</ee_start>
	<ee_type>2</ee_type>
	<conf1>008007</conf1>
	<conf2>008008</conf2>
	<conf3>008009</conf3>
	<conf4>00800A</conf4>
	<conf5>none</conf5>
	<conf6>none</conf6>
	<conf7>none</conf7>
	<oscal1>00E000</oscal1>
	<oscal2>00E001</oscal2>
	<oscal3>00E002</oscal3>
	<delay>3</delay>
	<word>3FFF</word>
  </name>

<name model="PIC16F18326">
	<id>0x30A4</id>
	<type>14</type>
	<f_size>32768</f_size>
	<f_psize>1</f_psize>
	<ee_size>256</ee_size>
	<f_start>0</f_start>
	<ee_start>00F000</ee_start>
	<ee_type>2</ee_type>
	<conf1>008007</conf1>
	<conf2>008008</conf2>
	<conf3>008009</conf3>
	<conf4>00800A</conf4>
	<conf5>none</conf5>
	<conf6>none</conf6>
	<conf7>none</conf7>
	<oscal1>00E000</oscal1>
	<oscal2>00E001</oscal2>
	<oscal3>00E002</oscal3>
	<delay>3</delay>
	<word>3FFF</word>
  </name> 
  
<name model="PIC16F18344">
	<id>0x303B</id>
	<type>14</type>
	<f_size>8192</f_size>
	<f_psize>1</f_psize>
	<ee_size>256</ee_size>
	<f_start>0</f_start>
	<ee_start>00F000</ee_start>
	<ee_type>2</ee_type>
	<conf1>008007</conf1>
	<conf2>008008</conf2>
	<conf3>008009</conf3>
	<conf4>00800A</conf4>
	<conf5>none</conf5>
	<conf6>none</conf6>
	<conf7>none</conf7>
	<oscal1>00E000</oscal1>
	<oscal2>00E001</oscal2>
	<oscal3>00E002</oscal3>
	<delay>3</delay>
	<word>3FFF</word>
  </name>
 
<name model="PIC16F18345">
	<id>0x303F</id>
	<type>14</type>
	<f_size>16384</f_size>
	<f_psize>1</f_psize>
	<ee_size>256</ee_size>
	<f_start>0</f_start>
	<ee_start>00F000</ee_start>
	<ee_type>2</ee_type>
	<conf1>008007</conf1>
	<conf2>008008</conf2>
	<conf3>008009</conf3>
	<conf4>00800A</conf4>
	<conf5>none</conf5>
	<conf6>none</conf6>
	<conf7>none</conf7>
	<oscal1>00E000</oscal1>
	<oscal2>00E001</oscal2>
	<oscal3>00E002</oscal3>
	<delay>3</delay>
	<word>3FFF</word>
  </name>
 
<name model="PIC16F18346">
	<id>0x30A5</id>
	<type>14</type>
	<f_size>32768</f_size>
	<f_psize>1</f_psize>
	<ee_size>256</ee_size>
	<f_start>0</f_start>
	<ee_start>00F000</ee_start>
	<ee_type>2</ee_type>
	<conf1>008007</conf1>
	<conf2>008008</conf2>
	<conf3>008009</conf3>
	<conf4>00800A</conf4>
	<conf5>none</conf5>
	<conf6>none</conf6>
	<conf7>none</conf7>
	<oscal1>00E000</oscal1>
	<oscal2>00E001</oscal2>
	<oscal3>00E002</oscal3>
	<delay>3</delay>
	<word>3FFF</word>
  </name> 
  
 <name model="PIC16F1847">
	<id>0x1480</id>
	<type>7</type>
	<f_size>16384</f_size>
	<f_psize>1</f_psize>
	<ee_size>256</ee_size>
	<f_start>0</f_start>
	<ee_start>01E000</ee_start>
	<ee_type>2</ee_type>
	<conf1>008007</conf1>
	<conf2>008008</conf2>
	<conf3>none</conf3>
	<conf4>none</conf4>
	<conf5>none</conf5>
	<conf6>none</conf6>
	<conf7>none</conf7>
	<oscal1>008009</oscal1>
	<oscal2>00800A</oscal2>
	<oscal3>none</oscal3>
	<delay>3</delay>
	<word>3FFF</word>
  </name>
 
<name model="PIC16F18424">
	<id>0x30CA</id>
	<type>18</type>
	<f_size>8192</f_size>
	<f_psize>64</f_psize>
	<ee_size>256</ee_size>
	<f_start>0</f_start>
	<ee_start>00F000</ee_start>
	<ee_type>2</ee_type>
	<conf1>008007</conf1>
	<conf2>008008</conf2>
	<conf3>008009</conf3>
	<conf4>00800A</conf4>
	<conf5>00800B</conf5>
	<conf6>none</conf6>
	<conf7>none</conf7>
	<oscal1>none</oscal1>
	<oscal2>none</oscal2>
	<oscal3>none</oscal3>
	<delay>4</delay>
	<word>3FFF</word>
  </name>
  
<name model="PIC16F18425">
	<id>0x30CC</id>
	<type>18</type>
	<f_size>16384</f_size>
	<f_psize>64</f_psize>
	<ee_size>256</ee_size>
	<f_start>0</f_start>
	<ee_start>00F000</ee_start>
	<ee_type>2</ee_type>
	<conf1>008007</conf1>
	<conf2>008008</conf2>
	<conf3>008009</conf3>
	<conf4>00800A</conf4>
	<conf5>00800B</conf5>
	<conf6>none</conf6>
	<conf7>none</conf7>
	<oscal1>none</oscal1>
	<oscal2>none</oscal2>
	<oscal3>none</oscal3>
	<delay>4</delay>
	<word>3FFF</word>
  </name>
  
<name model="PIC16F18426">
	<id>0x30D3</id>
	<type>18</type>
	<f_size>32768</f_size>
	<f_psize>64</f_psize>
	<ee_size>256</ee_size>
	<f_start>0</f_start>
	<ee_start>00F000</ee_start>
	<ee_type>2</ee_type>
	<conf1>008007</conf1>
	<conf2>008008</conf2>
	<conf3>008009</conf3>
	<conf4>00800A</conf4>
	<conf5>00800B</conf5>
	<conf6>none</conf6>
	<conf7>none</conf7>
	<oscal1>none</oscal1>
	<oscal2>none</oscal2>
	<oscal3>none</oscal3>
	<delay>4</delay>
	<word>3FFF</word>
  </name>
 
<name model="PIC16F18444">
	<id>0x30CF</id>
	<type>18</type>
	<f_size>8192</f_size>
	<f_psize>64</f_psize>
	<ee_size>256</ee_size>
	<f_start>0</f_start>
	<ee_start>00F000</ee_start>
	<ee_type>2</ee_type>
	<conf1>008007</conf1>
	<conf2>008008</conf2>
	<conf3>008009</conf3>
	<conf4>00800A</conf4>
	<conf5>00800B</conf5>
	<conf6>none</conf6>
	<conf7>none</conf7>
	<oscal1>none</oscal1>
	<oscal2>none</oscal2>
	<oscal3>none</oscal3>
	<delay>4</delay>
	<word>3FFF</word>
  </name>
  
<name model="PIC16F18445">
	<id>0x30D0</id>
	<type>18</type>
	<f_size>16384</f_size>
	<f_psize>64</f_psize>
	<ee_size>256</ee_size>
	<f_start>0</f_start>
	<ee_start>00F000</ee_start>
	<ee_type>2</ee_type>
	<conf1>008007</conf1>
	<conf2>008008</conf2>
	<conf3>008009</conf3>
	<conf4>00800A</conf4>
	<conf5>00800B</conf5>
	<conf6>none</conf6>
	<conf7>none</conf7>
	<oscal1>none</oscal1>
	<oscal2>none</oscal2>
	<oscal3>none</oscal3>
	<delay>4</delay>
	<word>3FFF</word>
  </name>
  
<name model="PIC16F18446">
	<id>0x30D5</id>
	<type>18</type>
	<f_size>32768</f_size>
	<f_psize>64</f_psize>
	<ee_size>256</ee_size>
	<f_start>0</f_start>
	<ee_start>00F000</ee_start>
	<ee_type>2</ee_type>
	<conf1>008007</conf1>
	<conf2>008008</conf2>
	<conf3>008009</conf3>
	<conf4>00800A</conf4>
	<conf5>00800B</conf5>
	<conf6>none</conf6>
	<conf7>none</conf7>
	<oscal1>none</oscal1>
	<oscal2>none</oscal2>
	<oscal3>none</oscal3>
	<delay>4</delay>
	<word>3FFF</word>
  </name>
  
<name model="PIC16F18455">
	<id>0x30D7</id>
	<type>18</type>
	<f_size>16384</f_size>
	<f_psize>64</f_psize>
	<ee_size>256</ee_size>
	<f_start>0</f_start>
	<ee_start>00F000</ee_start>
	<ee_type>2</ee_type>
	<conf1>008007</conf1>
	<conf2>008008</conf2>
	<conf3>008009</conf3>
	<conf4>00800A</conf4>
	<conf5>00800B</conf5>
	<conf6>none</conf6>
	<conf7>none</conf7>
	<oscal1>none</oscal1>
	<oscal2>none</oscal2>
	<oscal3>none</oscal3>
	<delay>4</delay>
	<word>3FFF</word>
  </name>
  
<name model="PIC16F18456">
	<id>0x30D9</id>
	<type>18</type>
	<f_size>32768</f_size>
	<f_psize>64</f_psize>
	<ee_size>256</ee_size>
	<f_start>0</f_start>
	<ee_start>00F000</ee_start>
	<ee_type>2</ee_type>
	<conf1>008007</conf1>
	<conf2>008008</conf2>
	<conf3>008009</conf3>
	<conf4>00800A</conf4>
	<conf5>00800B</conf5>
	<conf6>none</conf6>
	<conf7>none</conf7>
	<oscal1>none</oscal1>
	<oscal2>none</oscal2>
	<oscal3>none</oscal3>
	<delay>4</delay>
	<word>3FFF</word>
  </name>
  
<name model="PIC16F18854">
	<id>0x306A</id>
	<type>18</type>
	<f_size>8192</f_size>
	<f_psize>64</f_psize>
	<ee_size>256</ee_size>
	<f_start>0</f_start>
	<ee_start>00F000</ee_start>
	<ee_type>2</ee_type>
	<conf1>008007</conf1>
	<conf2>008008</conf2>
	<conf3>008009</conf3>
	<conf4>00800A</conf4>
	<conf5>00800B</conf5>
	<conf6>none</conf6>
	<conf7>none</conf7>
	<oscal1>none</oscal1>
	<oscal2>none</oscal2>
	<oscal3>none</oscal3>
	<delay>4</delay>
	<word>3FFF</word>
  </name>
 
  <name model="PIC16F1933">
	<id>0x2300</id>
	<type>7</type>
	<f_size>8192</f_size>
	<f_psize>1</f_psize>
	<ee_size>256</ee_size>
	<f_start>0</f_start>
	<ee_start>01E000</ee_start>
	<ee_type>2</ee_type>
	<conf1>008007</conf1>
	<conf2>008008</conf2>
	<conf3>none</conf3>
	<conf4>none</conf4>
	<conf5>none</conf5>
	<conf6>none</conf6>
	<conf7>none</conf7>
	<oscal1>008009</oscal1>
	<oscal2>00800A</oscal2>
	<oscal3>none</oscal3>
	<delay>3</delay>
	<word>3FFF</word>
  </name>
 
  <name model="PIC16F1934">
	<id>0x2340</id>
	<type>7</type>
	<f_size>8192</f_size>
	<f_psize>1</f_psize>
	<ee_size>256</ee_size>
	<f_start>0</f_start>
	<ee_start>01E000</ee_start>
	<ee_type>2</ee_type>
	<conf1>008007</conf1>
	<conf2>008008</conf2>
	<conf3>none</conf3>
	<conf4>none</conf4>
	<conf5>none</conf5>
	<conf6>none</conf6>
	<conf7>none</conf7>
	<oscal1>008009</oscal1>
	<oscal2>00800A</oscal2>
	<oscal3>none</oscal3>
	<delay>3</delay>
	<word>3FFF</word>
  </name>
 
    <name model="PIC16F1936">
	<id>0x2360</id>
	<type>7</type>
	<f_size>16384</f_size>
	<f_psize>1</f_psize>
	<ee_size>256</ee_size>
	<f_start>0</f_start>
	<ee_start>01E000</ee_start>
	<ee_type>2</ee_type>
	<conf1>008007</conf1>
	<conf2>008008</conf2>
	<conf3>none</conf3>
	<conf4>none</conf4>
	<conf5>none</conf5>
	<conf6>none</conf6>
	<conf7>none</conf7>
	<oscal1>008009</oscal1>
	<oscal2>00800A</oscal2>
	<oscal3>none</oscal3>
	<delay>3</delay>
	<word>3FFF</word>
  </name>
  
  <name model="PIC16F1937">
	<id>0x2380</id>
	<type>7</type>
	<f_size>16384</f_size>
	<f_psize>1</f_psize>
	<ee_size>256</ee_size>
	<f_start>0</f_start>
	<ee_start>01E000</ee_start>
	<ee_type>2</ee_type>
	<conf1>008007</conf1>
	<conf2>008008</conf2>
	<conf3>none</conf3>
	<conf4>none</conf4>
	<conf5>none</conf5>
	<conf6>none</conf6>
	<conf7>none</conf7>
	<oscal1>008009</oscal1>
	<oscal2>00800A</oscal2>
	<oscal3>none</oscal3>
	<delay>3</delay>
	<word>3FFF</word>
  </name>
 
  <name model="PIC16F1938">
	<id>0x23A0</id>
	<type>7</type>
	<f_size>32768</f_size>
	<f_psize>1</f_psize>
	<ee_size>256</ee_size>
	<f_start>0</f_start>
	<ee_start>01E000</ee_start>
	<ee_type>2</ee_type>
	<conf1>008007</conf1>
	<conf2>008008</conf2>
	<conf3>none</conf3>
	<conf4>none</conf4>
	<conf5>none</conf5>
	<conf6>none</conf6>
	<conf7>none</conf7>
	<oscal1>008009</oscal1>
	<oscal2>00800A</oscal2>
	<oscal3>none</oscal3>
	<delay>3</delay>
	<word>3FFF</word>
  </name>
  
    <name model="PIC16F1939">
	<id>0x23C0</id>
	<type>7</type>
	<f_size>32768</f_size>
	<f_psize>1</f_psize>
	<ee_size>256</ee_size>
	<f_start>0</f_start>
	<ee_start>01E000</ee_start>
	<ee_type>2</ee_type>
	<conf1>008007</conf1>
	<conf2>008008</conf2>
	<conf3>none</conf3>
	<conf4>none</conf4>
	<conf5>none</conf5>
	<conf6>none</conf6>
	<conf7>none</conf7>
	<oscal1>008009</oscal1>
	<oscal2>00800A</oscal2>
	<oscal3>none</oscal3>
	<delay>3</delay>
	<word>3FFF</word>
  </name>
  
  <name model="PIC16F1946">
	<id>0x2500</id>
	<type>7</type>
	<f_size>16384</f_size>
	<f_psize>1</f_psize>
	<ee_size>256</ee_size>
	<f_start>0</f_start>
	<ee_start>01E000</ee_start>
	<ee_type>2</ee_type>
	<conf1>008007</conf1>
	<conf2>008008</conf2>
	<conf3>none</conf3>
	<conf4>none</conf4>
	<conf5>none</conf5>
	<conf6>none</conf6>
	<conf7>none</conf7>
	<oscal1>008009</oscal1>
	<oscal2>00800A</oscal2>
	<oscal3>none</oscal3>
	<delay>3</delay>
	<word>3FFF</word>
  </name>
  
    <name model="PIC16F1947">
	<id>0x2520</id>
	<type>7</type>
	<f_size>32768</f_size>
	<f_psize>1</f_psize>
	<ee_size>256</ee_size>
	<f_start>0</f_start>
	<ee_start>01E000</ee_start>
	<ee_type>2</ee_type>
	<conf1>008007</conf1>
	<conf2>008008</conf2>
	<conf3>none</conf3>
	<conf4>none</conf4>
	<conf5>none</conf5>
	<conf6>none</conf6>
	<conf7>none</conf7>
	<oscal1>008009</oscal1>
	<oscal2>00800A</oscal2>
	<oscal3>none</oscal3>
	<delay>3</delay>
	<word>3FFF</word>
  </name>
 
 <name model="PIC16F505">
	<id>0x0000</id>
	<type>10</type>
	<f_size>2048</f_size>
	<f_psize>1</f_psize>
	<ee_size>0</ee_size>
	<f_start>0</f_start>
	<ee_start>0</ee_start>
	<ee_type>2</ee_type>
	<conf1>000FFF</conf1>
	<conf2>none</conf2>
	<conf3>none</conf3>
	<conf4>none</conf4>
	<conf5>none</conf5>
	<conf6>none</conf6>
	<conf7>none</conf7>
	<oscal1>000404</oscal1>
	<oscal2>none</oscal2>
	<oscal3>none</oscal3>
	<delay>3</delay>
	<word>0FFF</word>
  </name>
  
 <name model="PIC16F506">
	<id>0x0000</id>
	<type>10</type>
	<f_size>2048</f_size>
	<f_psize>1</f_psize>
	<ee_size>0</ee_size>
	<f_start>0</f_start>
	<ee_start>0</ee_start>
	<ee_type>2</ee_type>
	<conf1>000FFF</conf1>
	<conf2>none</conf2>
	<conf3>none</conf3>
	<conf4>none</conf4>
	<conf5>none</conf5>
	<conf6>none</conf6>
	<conf7>none</conf7>
	<oscal1>000404</oscal1>
	<oscal2>none</oscal2>
	<oscal3>none</oscal3>
	<delay>3</delay>
	<word>0FFF</word>
  </name>
 
 <name model="PIC16F54">
	<id>0x0000</id>
	<type>9</type>
	<f_size>1024</f_size>
	<f_psize>1</f_psize>
	<ee_size>0</ee_size>
	<f_start>0</f_start>
	<ee_start>0</ee_start>
	<ee_type>2</ee_type>
	<conf1>000FFF</conf1>
	<conf2>none</conf2>
	<conf3>none</conf3>
	<conf4>none</conf4>
	<conf5>none</conf5>
	<conf6>none</conf6>
	<conf7>none</conf7>
	<oscal1>none</oscal1>
	<oscal2>none</oscal2>
	<oscal3>none</oscal3>
	<delay>15</delay>
	<word>0FFF</word>
  </name>
  
 <name model="PIC16F57">
	<id>0x0000</id>
	<type>9</type>
	<f_size>4096</f_size>
	<f_psize>1</f_psize>
	<ee_size>0</ee_size>
	<f_start>0</f_start>
	<ee_start>0</ee_start>
	<ee_type>2</ee_type>
	<conf1>000FFF</conf1>
	<conf2>none</conf2>
	<conf3>none</conf3>
	<conf4>none</conf4>
	<conf5>none</conf5>
	<conf6>none</conf6>
	<conf7>none</conf7>
	<oscal1>none</oscal1>
	<oscal2>none</oscal2>
	<oscal3>none</oscal3>
	<delay>15</delay>
	<word>0FFF</word>
  </name>
  
 <name model="PIC16F59">
	<id>0x0000</id>
	<type>9</type>
	<f_size>4096</f_size>
	<f_psize>1</f_psize>
	<ee_size>0</ee_size>
	<f_start>0</f_start>
	<ee_start>0</ee_start>
	<ee_type>2</ee_type>
	<conf1>000FFF</conf1>
	<conf2>none</conf2>
	<conf3>none</conf3>
	<conf4>none</conf4>
	<conf5>none</conf5>
	<conf6>none</conf6>
	<conf7>none</conf7>
	<oscal1>none</oscal1>
	<oscal2>none</oscal2>
	<oscal3>none</oscal3>
	<delay>15</delay>
	<word>0FFF</word>
  </name>

 <name model="PIC16F627A">
	<id>0x1040</id>
	<type>2</type>
	<f_size>2048</f_size>
	<f_psize>1</f_psize>
	<ee_size>128</ee_size>
	<f_start>0</f_start>
	<ee_start>002100</ee_start>
	<ee_type>2</ee_type>
	<conf1>002007</conf1>
	<conf2>none</conf2>
	<conf3>none</conf3>
	<conf4>none</conf4>
	<conf5>none</conf5>
	<conf6>none</conf6>
	<conf7>none</conf7>
	<oscal1>none</oscal1>
	<oscal2>none</oscal2>
	<oscal3>none</oscal3>
	<delay>4</delay>
	<word>3FFF</word>	
  </name>
  
 <name model="PIC16F628A">
	<id>0x1060</id>
	<type>2</type>
	<f_size>4096</f_size>
	<f_psize>1</f_psize>
	<ee_size>128</ee_size>
	<f_start>0</f_start>
	<ee_start>002100</ee_start>
	<ee_type>2</ee_type>
	<conf1>002007</conf1>
	<conf2>none</conf2>
	<conf3>none</conf3>
	<conf4>none</conf4>
	<conf5>none</conf5>
	<conf6>none</conf6>
	<conf7>none</conf7>
	<oscal1>none</oscal1>
	<oscal2>none</oscal2>
	<oscal3>none</oscal3>
	<delay>4</delay>
	<word>3FFF</word>
  </name>
  
 <name model="PIC16F648A">
	<id>0x1100</id>
	<type>2</type>
	<f_size>8192</f_size>
	<f_psize>1</f_psize>
	<ee_size>256</ee_size>
	<f_start>0</f_start>
	<ee_start>002100</ee_start>
	<ee_type>2</ee_type>
	<conf1>002007</conf1>
	<conf2>none</conf2>
	<conf3>none</conf3>
	<conf4>none</conf4>
	<conf5>none</conf5>
	<conf6>none</conf6>
	<conf7>none</conf7>
	<oscal1>none</oscal1>
	<oscal2>none</oscal2>
	<oscal3>none</oscal3>
	<delay>4</delay>
	<word>3FFF</word>
  </name>

 <name model="PIC16F676/630">
	<id>0x10E0</id>
	<type>6</type>
	<f_size>2048</f_size>
	<f_psize>1</f_psize>
	<ee_size>128</ee_size>
	<f_start>0</f_start>
	<ee_start>002100</ee_start>
	<ee_type>2</ee_type>
	<conf1>002007</conf1>
	<conf2>none</conf2>
	<conf3>none</conf3>
	<conf4>none</conf4>
	<conf5>none</conf5>
	<conf6>none</conf6>
	<conf7>none</conf7>
	<oscal1>0003FF</oscal1>
	<oscal2>none</oscal2>
	<oscal3>none</oscal3>
	<delay>3</delay>
	<word>3FFF</word>
  </name>

  <name model="PIC16F631">
	<id>0x1420</id>
	<type>7</type>
	<f_size>2048</f_size>
	<f_psize>1</f_psize>
	<ee_size>128</ee_size>
	<f_start>0</f_start>
	<ee_start>002100</ee_start>
	<ee_type>2</ee_type>
	<conf1>002007</conf1>
	<conf2>none</conf2>
	<conf3>none</conf3>
	<conf4>none</conf4>
	<conf5>none</conf5>
	<conf6>none</conf6>
	<conf7>none</conf7>
	<oscal1>002008</oscal1>
	<oscal2>none</oscal2>
	<oscal3>none</oscal3>
	<delay>3</delay>
	<word>3FFF</word>
  </name> 


  <name model="PIC16F636">
	<id>0x10A0</id>
	<type>7</type>
	<f_size>4096</f_size>
	<f_psize>1</f_psize>
	<ee_size>256</ee_size>
	<f_start>0</f_start>
	<ee_start>002100</ee_start>
	<ee_type>2</ee_type>
	<conf1>002007</conf1>
	<conf2>none</conf2>
	<conf3>none</conf3>
	<conf4>none</conf4>
	<conf5>none</conf5>
	<conf6>none</conf6>
	<conf7>none</conf7>
	<oscal1>002008</oscal1>
	<oscal2>002009</oscal2>
	<oscal3>none</oscal3>
	<delay>3</delay>
	<word>3FFF</word>
  </name> 

  <name model="PIC16F639">
	<id>0x10A0</id>
	<type>7</type>
	<f_size>4096</f_size>
	<f_psize>1</f_psize>
	<ee_size>256</ee_size>
	<f_start>0</f_start>
	<ee_start>002100</ee_start>
	<ee_type>2</ee_type>
	<conf1>002007</conf1>
	<conf2>none</conf2>
	<conf3>none</conf3>
	<conf4>none</conf4>
	<conf5>none</conf5>
	<conf6>none</conf6>
	<conf7>none</conf7>
	<oscal1>002008</oscal1>
	<oscal2>002009</oscal2>
	<oscal3>none</oscal3>
	<delay>3</delay>
	<word>3FFF</word>
  </name> 
  
  <name model="PIC16F677">
	<id>0x1440</id>
	<type>7</type>
	<f_size>4096</f_size>
	<f_psize>1</f_psize>
	<ee_size>256</ee_size>
	<f_start>0</f_start>
	<ee_start>002100</ee_start>
	<ee_type>2</ee_type>
	<conf1>002007</conf1>
	<conf2>none</conf2>
	<conf3>none</conf3>
	<conf4>none</conf4>
	<conf5>none</conf5>
	<conf6>none</conf6>
	<conf7>none</conf7>
	<oscal1>002008</oscal1>
	<oscal2>none</oscal2>
	<oscal3>none</oscal3>
	<delay>3</delay>
	<word>3FFF</word>
  </name>  
  
  <name model="PIC16F684">
	<id>0x1080</id>
	<type>7</type>
	<f_size>4096</f_size>
	<f_psize>1</f_psize>
	<ee_size>256</ee_size>
	<f_start>0</f_start>
	<ee_start>002100</ee_start>
	<ee_type>2</ee_type>
	<conf1>002007</conf1>
	<conf2>none</conf2>
	<conf3>none</conf3>
	<conf4>none</conf4>
	<conf5>none</conf5>
	<conf6>none</conf6>
	<conf7>none</conf7>
	<oscal1>002008</oscal1>
	<oscal2>none</oscal2>
	<oscal3>none</oscal3>
	<delay>3</delay>
	<word>3FFF</word>
  </name> 
  
  <name model="PIC16F685">
	<id>0x04A0</id>
	<type>7</type>
	<f_size>8192</f_size>
	<f_psize>1</f_psize>
	<ee_size>256</ee_size>
	<f_start>0</f_start>
	<ee_start>002100</ee_start>
	<ee_type>2</ee_type>
	<conf1>002007</conf1>
	<conf2>none</conf2>
	<conf3>none</conf3>
	<conf4>none</conf4>
	<conf5>none</conf5>
	<conf6>none</conf6>
	<conf7>none</conf7>
	<oscal1>002008</oscal1>
	<oscal2>none</oscal2>
	<oscal3>none</oscal3>
	<delay>3</delay>
	<word>3FFF</word>
  </name> 
  
  <name model="PIC16F687">
	<id>0x1320</id>
	<type>7</type>
	<f_size>4096</f_size>
	<f_psize>1</f_psize>
	<ee_size>256</ee_size>
	<f_start>0</f_start>
	<ee_start>002100</ee_start>
	<ee_type>2</ee_type>
	<conf1>002007</conf1>
	<conf2>none</conf2>
	<conf3>none</conf3>
	<conf4>none</conf4>
	<conf5>none</conf5>
	<conf6>none</conf6>
	<conf7>none</conf7>
	<oscal1>002008</oscal1>
	<oscal2>none</oscal2>
	<oscal3>none</oscal3>
	<delay>3</delay>
	<word>3FFF</word>
  </name> 

  <name model="PIC16F688">
	<id>0x1180</id>
	<type>7</type>
	<f_size>8192</f_size>
	<f_psize>1</f_psize>
	<ee_size>256</ee_size>
	<f_start>0</f_start>
	<ee_start>002100</ee_start>
	<ee_type>2</ee_type>
	<conf1>002007</conf1>
	<conf2>none</conf2>
	<conf3>none</conf3>
	<conf4>none</conf4>
	<conf5>none</conf5>
	<conf6>none</conf6>
	<conf7>none</conf7>
	<oscal1>002008</oscal1>
	<oscal2>none</oscal2>
	<oscal3>none</oscal3>
	<delay>3</delay>
	<word>3FFF</word>
  </name> 

  <name model="PIC16F689">
	<id>0x1340</id>
	<type>7</type>
	<f_size>8192</f_size>
	<f_psize>1</f_psize>
	<ee_size>256</ee_size>
	<f_start>0</f_start>
	<ee_start>002100</ee_start>
	<ee_type>2</ee_type>
	<conf1>002007</conf1>
	<conf2>none</conf2>
	<conf3>none</conf3>
	<conf4>none</conf4>
	<conf5>none</conf5>
	<conf6>none</conf6>
	<conf7>none</conf7>
	<oscal1>002008</oscal1>
	<oscal2>none</oscal2>
	<oscal3>none</oscal3>
	<delay>3</delay>
	<word>3FFF</word>
  </name> 

  <name model="PIC16F690">
	<id>0x1400</id>
	<type>7</type>
	<f_size>8192</f_size>
	<f_psize>1</f_psize>
	<ee_size>256</ee_size>
	<f_start>0</f_start>
	<ee_start>002100</ee_start>
	<ee_type>2</ee_type>
	<conf1>002007</conf1>
	<conf2>none</conf2>
	<conf3>none</conf3>
	<conf4>none</conf4>
	<conf5>none</conf5>
	<conf6>none</conf6>
	<conf7>none</conf7>
	<oscal1>002008</oscal1>
	<oscal2>none</oscal2>
	<oscal3>none</oscal3>
	<delay>3</delay>
	<word>3FFF</word>
  </name> 
  
  <name model="PIC16F713">
	<id>0x1140</id>
	<type>20</type>
	<f_size>4096</f_size>
	<f_psize>1</f_psize>
	<ee_size>0</ee_size>
	<f_start>0</f_start>
	<ee_start>0</ee_start>
	<ee_type>2</ee_type>
	<conf1>002007</conf1>
	<conf2>none</conf2>
	<conf3>none</conf3>
	<conf4>none</conf4>
	<conf5>none</conf5>
	<conf6>none</conf6>
	<conf7>none</conf7>
	<oscal1>002008</oscal1>
	<oscal2>none</oscal2>
	<oscal3>none</oscal3>
	<delay>3</delay>
	<word>3FFF</word>
  </name> 

 <name model="PIC16F73">
	<id>0x0600</id>
	<type>1</type>
	<f_size>8192</f_size>
	<f_psize>1</f_psize>
	<ee_size>0</ee_size>
	<f_start>0</f_start>
	<ee_start>0</ee_start>
	<ee_type>2</ee_type>
	<conf1>002007</conf1>
	<conf2>none</conf2>
	<conf3>none</conf3>
	<conf4>none</conf4>
	<conf5>none</conf5>
	<conf6>none</conf6>
	<conf7>none</conf7>
	<oscal1>none</oscal1>
	<oscal2>none</oscal2>
	<oscal3>none</oscal3>
	<delay>1</delay>
	<word>3FFF</word>
  </name>
 
 <name model="PIC16F74">
	<id>0x0620</id>
	<type>1</type>
	<f_size>8192</f_size>
	<f_psize>1</f_psize>
	<ee_size>0</ee_size>
	<f_start>0</f_start>
	<ee_start>0</ee_start>
	<ee_type>2</ee_type>
	<conf1>002007</conf1>
	<conf2>none</conf2>
	<conf3>none</conf3>
	<conf4>none</conf4>
	<conf5>none</conf5>
	<conf6>none</conf6>
	<conf7>none</conf7>
	<oscal1>none</oscal1>
	<oscal2>none</oscal2>
	<oscal3>none</oscal3>
	<delay>1</delay>
	<word>3FFF</word>
  </name> 
 
  <name model="PIC16F76">
	<id>0x0640</id>
	<type>1</type>
	<f_size>16384</f_size>
	<f_psize>1</f_psize>
	<ee_size>0</ee_size>
	<f_start>0</f_start>
	<ee_start>0</ee_start>
	<ee_type>2</ee_type>
	<conf1>002007</conf1>
	<conf2>none</conf2>
	<conf3>none</conf3>
	<conf4>none</conf4>
	<conf5>none</conf5>
	<conf6>none</conf6>
	<conf7>none</conf7>
	<oscal1>none</oscal1>
	<oscal2>none</oscal2>
	<oscal3>none</oscal3>
	<delay>1</delay>
	<word>3FFF</word>
  </name>
  
 <name model="PIC16F77">
	<id>0x0660</id>
	<type>1</type>
	<f_size>16384</f_size>
	<f_psize>1</f_psize>
	<ee_size>0</ee_size>
	<f_start>0</f_start>
	<ee_start>0</ee_start>
	<ee_type>2</ee_type>
	<conf1>002007</conf1>
	<conf2>none</conf2>
	<conf3>none</conf3>
	<conf4>none</conf4>
	<conf5>none</conf5>
	<conf6>none</conf6>
	<conf7>none</conf7>
	<oscal1>none</oscal1>
	<oscal2>none</oscal2>
	<oscal3>none</oscal3>
	<delay>1</delay>
	<word>3FFF</word>
  </name>

<name model="PIC16F818">
	<id>0x04C0</id>
	<type>15</type>
	<f_size>2048</f_size>
	<f_psize>1</f_psize>
	<ee_size>128</ee_size>
	<f_start>0</f_start>
	<ee_start>002100</ee_start>
	<ee_type>2</ee_type>
	<conf1>002007</conf1>
	<conf2>none</conf2>
	<conf3>none</conf3>
	<conf4>none</conf4>
	<conf5>none</conf5>
	<conf6>none</conf6>
	<conf7>none</conf7>
	<oscal1>none</oscal1>
	<oscal2>none</oscal2>
	<oscal3>none</oscal3>
	<delay>3</delay>
	<word>3FFF</word>
  </name> 

<name model="PIC16F819">
	<id>0x04E0</id>
	<type>15</type>
	<f_size>4096</f_size>
	<f_psize>1</f_psize>
	<ee_size>256</ee_size>
	<f_start>0</f_start>
	<ee_start>002100</ee_start>
	<ee_type>2</ee_type>
	<conf1>002007</conf1>
	<conf2>none</conf2>
	<conf3>none</conf3>
	<conf4>none</conf4>
	<conf5>none</conf5>
	<conf6>none</conf6>
	<conf7>none</conf7>
	<oscal1>none</oscal1>
	<oscal2>none</oscal2>
	<oscal3>none</oscal3>
	<delay>3</delay>
	<word>3FFF</word>
  </name>  
 
  <name model="PIC16F84A">
	<id>0x0560</id>
	<type>4</type>
	<f_size>2048</f_size>
	<f_psize>1</f_psize>
	<ee_size>64</ee_size>
	<f_start>0</f_start>
	<ee_start>002100</ee_start>
	<ee_type>2</ee_type>
	<conf1>002007</conf1>
	<conf2>none</conf2>
	<conf3>none</conf3>
	<conf4>none</conf4>
	<conf5>none</conf5>
	<conf6>none</conf6>
	<conf7>none</conf7>
	<oscal1>none</oscal1>
	<oscal2>none</oscal2>
	<oscal3>none</oscal3>
	<delay>5</delay>
	<word>3FFF</word>
  </name>
  
<name model="PIC16F870">
	<id>0x0D00</id>
	<type>17</type>
	<f_size>4096</f_size>
	<f_psize>1</f_psize>
	<ee_size>64</ee_size>
	<f_start>0</f_start>
	<ee_start>002100</ee_start>
	<ee_type>2</ee_type>
	<conf1>002007</conf1>
	<conf2>none</conf2>
	<conf3>none</conf3>
	<conf4>none</conf4>
	<conf5>none</conf5>
	<conf6>none</conf6>
	<conf7>none</conf7>
	<oscal1>none</oscal1>
	<oscal2>none</oscal2>
	<oscal3>none</oscal3>
	<delay>4</delay>
	<word>3FFF</word>
  </name>
  
  <name model="PIC16F882">
	<id>0x2000</id>
	<type>7</type>
	<f_size>4096</f_size>
	<f_psize>1</f_psize>
	<ee_size>128</ee_size>
	<f_start>0</f_start>
	<ee_start>002100</ee_start>
	<ee_type>2</ee_type>
	<conf1>002007</conf1>
	<conf2>002008</conf2>
	<conf3>none</conf3>
	<conf4>none</conf4>
	<conf5>none</conf5>
	<conf6>none</conf6>
	<conf7>none</conf7>
	<oscal1>002009</oscal1>
	<oscal2>none</oscal2>
	<oscal3>none</oscal3>
	<delay>3</delay>
	<word>3FFF</word>
  </name> 
  
  <name model="PIC16F883">
	<id>0x2020</id>
	<type>7</type>
	<f_size>8192</f_size>
	<f_psize>1</f_psize>
	<ee_size>256</ee_size>
	<f_start>0</f_start>
	<ee_start>002100</ee_start>
	<ee_type>2</ee_type>
	<conf1>002007</conf1>
	<conf2>002008</conf2>
	<conf3>none</conf3>
	<conf4>none</conf4>
	<conf5>none</conf5>
	<conf6>none</conf6>
	<conf7>none</conf7>
	<oscal1>002009</oscal1>
	<oscal2>none</oscal2>
	<oscal3>none</oscal3>
	<delay>3</delay>
	<word>3FFF</word>
  </name> 
  
  <name model="PIC16F884">
	<id>0x2040</id>
	<type>7</type>
	<f_size>8192</f_size>
	<f_psize>1</f_psize>
	<ee_size>256</ee_size>
	<f_start>0</f_start>
	<ee_start>002100</ee_start>
	<ee_type>2</ee_type>
	<conf1>002007</conf1>
	<conf2>002008</conf2>
	<conf3>none</conf3>
	<conf4>none</conf4>
	<conf5>none</conf5>
	<conf6>none</conf6>
	<conf7>none</conf7>
	<oscal1>002009</oscal1>
	<oscal2>none</oscal2>
	<oscal3>none</oscal3>
	<delay>3</delay>
	<word>3FFF</word>
  </name>
  
  <name model="PIC16F886">
	<id>0x2060</id>
	<type>7</type>
	<f_size>16384</f_size>
	<f_psize>1</f_psize>
	<ee_size>256</ee_size>
	<f_start>0</f_start>
	<ee_start>002100</ee_start>
	<ee_type>2</ee_type>
	<conf1>002007</conf1>
	<conf2>002008</conf2>
	<conf3>none</conf3>
	<conf4>none</conf4>
	<conf5>none</conf5>
	<conf6>none</conf6>
	<conf7>none</conf7>
	<oscal1>002009</oscal1>
	<oscal2>none</oscal2>
	<oscal3>none</oscal3>
	<delay>3</delay>
	<word>3FFF</word>
  </name>
  
  <name model="PIC16F887">
	<id>0x2080</id>
	<type>7</type>
	<f_size>16384</f_size>
	<f_psize>1</f_psize>
	<ee_size>256</ee_size>
	<f_start>0</f_start>
	<ee_start>002100</ee_start>
	<ee_type>2</ee_type>
	<conf1>002007</conf1>
	<conf2>002008</conf2>
	<conf3>none</conf3>
	<conf4>none</conf4>
	<conf5>none</conf5>
	<conf6>none</conf6>
	<conf7>none</conf7>
	<oscal1>002009</oscal1>
	<oscal2>none</oscal2>
	<oscal3>none</oscal3>
	<delay>3</delay>
	<word>3FFF</word>
  </name>

  <name model="PIC18F13K22">
	<id>0x4F40</id>
	<type>16</type>
	<f_size>8192</f_size>
	<f_psize>8</f_psize>
	<ee_size>256</ee_size>
	<f_start>0</f_start>
	<ee_start>780000</ee_start>
	<ee_type>1</ee_type>
	<conf1>180000</conf1>
	<conf2>180001</conf2>
	<conf3>180002</conf3>
	<conf4>180003</conf4>
	<conf5>180004</conf5>
	<conf6>180005</conf6>
	<conf7>180006</conf7>
	<oscal1>none</oscal1>
	<oscal2>none</oscal2>
	<oscal3>none</oscal3>
	<delay>50</delay>
	<word>FFFF</word>
  </name> 
  
  <name model="PIC18F14K22">
	<id>0x4F20</id>
	<type>16</type>
	<f_size>16384</f_size>
	<f_psize>16</f_psize>
	<ee_size>256</ee_size>
	<f_start>0</f_start>
	<ee_start>780000</ee_start>
	<ee_type>1</ee_type>
	<conf1>180000</conf1>
	<conf2>180001</conf2>
	<conf3>180002</conf3>
	<conf4>180003</conf4>
	<conf5>180004</conf5>
	<conf6>180005</conf6>
	<conf7>180006</conf7>
	<oscal1>none</oscal1>
	<oscal2>none</oscal2>
	<oscal3>none</oscal3>
	<delay>50</delay>
	<word>FFFF</word>
  </name> 
  
  <name model="PIC18F23K22">
	<id>0x5760</id>
	<type>16</type>
	<f_size>8192</f_size>
	<f_psize>64</f_psize>
	<ee_size>256</ee_size>
	<f_start>0</f_start>
	<ee_start>780000</ee_start>
	<ee_type>1</ee_type>
	<conf1>180000</conf1>
	<conf2>180001</conf2>
	<conf3>180002</conf3>
	<conf4>180003</conf4>
	<conf5>180004</conf5>
	<conf6>180005</conf6>
	<conf7>180006</conf7>
	<oscal1>none</oscal1>
	<oscal2>none</oscal2>
	<oscal3>none</oscal3>
	<delay>50</delay>
	<word>FFFF</word>
  </name>
  
  <name model="PIC18F24Q10">
	<id>0x71C0</id>
	<type>19</type>
	<f_size>16384</f_size>
	<f_psize>1</f_psize>
	<ee_size>256</ee_size>
	<f_start>0</f_start>
	<ee_start>188000</ee_start>
	<ee_type>1</ee_type>
	<conf1>180000</conf1>
	<conf2>180001</conf2>
	<conf3>180002</conf3>
	<conf4>180003</conf4>
	<conf5>180004</conf5>
	<conf6>180005</conf6>
	<conf7>none</conf7>
	<oscal1>none</oscal1>
	<oscal2>none</oscal2>
	<oscal3>none</oscal3>
	<delay>3</delay>
	<word>FFFF</word>
  </name>
  
  <name model="PIC18F24K22">
	<id>0x5640</id>
	<type>16</type>
	<f_size>16384</f_size>
	<f_psize>64</f_psize>
	<ee_size>256</ee_size>
	<f_start>0</f_start>
	<ee_start>780000</ee_start>
	<ee_type>1</ee_type>
	<conf1>180000</conf1>
	<conf2>180001</conf2>
	<conf3>180002</conf3>
	<conf4>180003</conf4>
	<conf5>180004</conf5>
	<conf6>180005</conf6>
	<conf7>180006</conf7>
	<oscal1>none</oscal1>
	<oscal2>none</oscal2>
	<oscal3>none</oscal3>
	<delay>50</delay>
	<word>FFFF</word>
  </name>
  
  <name model="PIC18F24K50">
	<id>0x5C60</id>
	<type>16</type>
	<f_size>16384</f_size>
	<f_psize>64</f_psize>
	<ee_size>256</ee_size>
	<f_start>0</f_start>
	<ee_start>780000</ee_start>
	<ee_type>1</ee_type>
	<conf1>180000</conf1>
	<conf2>180001</conf2>
	<conf3>180002</conf3>
	<conf4>180003</conf4>
	<conf5>180004</conf5>
	<conf6>180005</conf6>
	<conf7>180006</conf7>
	<oscal1>none</oscal1>
	<oscal2>none</oscal2>
	<oscal3>none</oscal3>
	<delay>50</delay>
	<word>FFFF</word>
  </name>
 
  <name model="PIC18F2510">
	<id>0x0CE0</id>
	<type>3</type>
	<f_size>49152</f_size>
	<f_psize>64</f_psize>
	<ee_size>0</ee_size>
	<f_start>0</f_start>
	<ee_start>780000</ee_start>
	<ee_type>1</ee_type>
	<conf1>180000</conf1>
	<conf2>180001</conf2>
	<conf3>180002</conf3>
	<conf4>180003</conf4>
	<conf5>180004</conf5>
	<conf6>180005</conf6>
	<conf7>180006</conf7>
	<oscal1>none</oscal1>
	<oscal2>none</oscal2>
	<oscal3>none</oscal3>
	<delay>50</delay>
	<word>FFFF</word>
  </name>
  
<name model="PIC18F25Q10">
	<id>0x71A0</id>
	<type>19</type>
	<f_size>32768</f_size>
	<f_psize>1</f_psize>
	<ee_size>256</ee_size>
	<f_start>0</f_start>
	<ee_start>188000</ee_start>
	<ee_type>1</ee_type>
	<conf1>180000</conf1>
	<conf2>180001</conf2>
	<conf3>180002</conf3>
	<conf4>180003</conf4>
	<conf5>180004</conf5>
	<conf6>180005</conf6>
	<conf7>none</conf7>
	<oscal1>none</oscal1>
	<oscal2>none</oscal2>
	<oscal3>none</oscal3>
	<delay>3</delay>
	<word>FFFF</word>
  </name>
  
  <name model="PIC18F25K22">
	<id>0x5560</id>
	<type>16</type>
	<f_size>32768</f_size>
	<f_psize>64</f_psize>
	<ee_size>256</ee_size>
	<f_start>0</f_start>
	<ee_start>780000</ee_start>
	<ee_type>1</ee_type>
	<conf1>180000</conf1>
	<conf2>180001</conf2>
	<conf3>180002</conf3>
	<conf4>180003</conf4>
	<conf5>180004</conf5>
	<conf6>180005</conf6>
	<conf7>180006</conf7>
	<oscal1>none</oscal1>
	<oscal2>none</oscal2>
	<oscal3>none</oscal3>
	<delay>50</delay>
	<word>FFFF</word>
  </name>
 
  <name model="PIC18F2525">
	<id>0x0CE0</id>
	<type>3</type>
	<f_size>49152</f_size>
	<f_psize>64</f_psize>
	<ee_size>1024</ee_size>
	<f_start>0</f_start>
	<ee_start>780000</ee_start>
	<ee_type>1</ee_type>
	<conf1>180000</conf1>
	<conf2>180001</conf2>
	<conf3>180002</conf3>
	<conf4>180003</conf4>
	<conf5>180004</conf5>
	<conf6>180005</conf6>
	<conf7>180006</conf7>
	<oscal1>none</oscal1>
	<oscal2>none</oscal2>
	<oscal3>none</oscal3>
	<delay>50</delay>
	<word>FFFF</word>
  </name>
 
  <name model="PIC18F2550">
	<id>0x1240</id>
	<type>3</type>
	<f_size>32768</f_size>
	<f_psize>32</f_psize>
	<ee_size>256</ee_size>
	<f_start>0</f_start>
	<ee_start>780000</ee_start>
	<ee_type>1</ee_type>
	<conf1>180000</conf1>
	<conf2>180001</conf2>
	<conf3>180002</conf3>
	<conf4>180003</conf4>
	<conf5>180004</conf5>
	<conf6>180005</conf6>
	<conf7>180006</conf7>
	<oscal1>none</oscal1>
	<oscal2>none</oscal2>
	<oscal3>none</oscal3>
	<delay>50</delay>
	<word>FFFF</word>
  </name>
  
  <name model="PIC18F25K50">
	<id>0x5C20</id>
	<type>16</type>
	<f_size>32768</f_size>
	<f_psize>64</f_psize>
	<ee_size>256</ee_size>
	<f_start>0</f_start>
	<ee_start>780000</ee_start>
	<ee_type>1</ee_type>
	<conf1>180000</conf1>
	<conf2>180001</conf2>
	<conf3>180002</conf3>
	<conf4>180003</conf4>
	<conf5>180004</conf5>
	<conf6>180005</conf6>
	<conf7>180006</conf7>
	<oscal1>none</oscal1>
	<oscal2>none</oscal2>
	<oscal3>none</oscal3>
	<delay>50</delay>
	<word>FFFF</word>
  </name>
  
  <name model="PIC18F2585">
	<id>0x0CE0</id>
	<type>3</type>
	<f_size>49152</f_size>
	<f_psize>64</f_psize>
	<ee_size>1024</ee_size>
	<f_start>0</f_start>
	<ee_start>780000</ee_start>
	<ee_type>1</ee_type>
	<conf1>180000</conf1>
	<conf2>180001</conf2>
	<conf3>180002</conf3>
	<conf4>180003</conf4>
	<conf5>180004</conf5>
	<conf6>180005</conf6>
	<conf7>180006</conf7>
	<oscal1>none</oscal1>
	<oscal2>none</oscal2>
	<oscal3>none</oscal3>
	<delay>50</delay>
	<word>FFFF</word>
  </name>
  
  <name model="PIC18F25K80">
	<id>0x6180</id>
	<type>5</type>
	<f_size>32768</f_size>
	<f_psize>64</f_psize>
	<ee_size>1024</ee_size>
	<f_start>0</f_start>
	<ee_start>780000</ee_start>
	<ee_type>1</ee_type>
	<conf1>180000</conf1>
	<conf2>180001</conf2>
	<conf3>180002</conf3>
	<conf4>180003</conf4>
	<conf5>180004</conf5>
	<conf6>180005</conf6>
	<conf7>180006</conf7>
	<oscal1>none</oscal1>
	<oscal2>none</oscal2>
	<oscal3>none</oscal3>
	<delay>50</delay>
	<word>FFFF</word>
  </name>
 
  <name model="PIC18F2610">
	<id>0x0CA0</id>
	<type>3</type>
	<f_size>65536</f_size>
	<f_psize>64</f_psize>
	<ee_size>0</ee_size>
	<f_start>0</f_start>
	<ee_start>780000</ee_start>
	<ee_type>1</ee_type>
	<conf1>180000</conf1>
	<conf2>180001</conf2>
	<conf3>180002</conf3>
	<conf4>180003</conf4>
	<conf5>180004</conf5>
	<conf6>180005</conf6>
	<conf7>180006</conf7>
	<oscal1>none</oscal1>
	<oscal2>none</oscal2>
	<oscal3>none</oscal3>
	<delay>50</delay>
	<word>FFFF</word>
  </name>
  
<name model="PIC18F26Q10">
	<id>0x7180</id>
	<type>19</type>
	<f_size>65536</f_size>
	<f_psize>1</f_psize>
	<ee_size>1024</ee_size>
	<f_start>0</f_start>
	<ee_start>188000</ee_start>
	<ee_type>1</ee_type>
	<conf1>180000</conf1>
	<conf2>180001</conf2>
	<conf3>180002</conf3>
	<conf4>180003</conf4>
	<conf5>180004</conf5>
	<conf6>180005</conf6>
	<conf7>none</conf7>
	<oscal1>none</oscal1>
	<oscal2>none</oscal2>
	<oscal3>none</oscal3>
	<delay>3</delay>
	<word>FFFF</word>
  </name>
 
  <name model="PIC18F2620">
	<id>0x0CE0</id>
	<type>3</type>
	<f_size>65536</f_size>
	<f_psize>64</f_psize>
	<ee_size>1024</ee_size>
	<f_start>0</f_start>
	<ee_start>780000</ee_start>
	<ee_type>1</ee_type>
	<conf1>180000</conf1>
	<conf2>180001</conf2>
	<conf3>180002</conf3>
	<conf4>180003</conf4>
	<conf5>180004</conf5>
	<conf6>180005</conf6>
	<conf7>180006</conf7>
	<oscal1>none</oscal1>
	<oscal2>none</oscal2>
	<oscal3>none</oscal3>
	<delay>50</delay>
	<word>FFFF</word>
  </name>
  
  <name model="PIC18F26K22">
	<id>0x5440</id>
	<type>16</type>
	<f_size>65536</f_size>
	<f_psize>64</f_psize>
	<ee_size>1024</ee_size>
	<f_start>0</f_start>
	<ee_start>780000</ee_start>
	<ee_type>1</ee_type>
	<conf1>180000</conf1>
	<conf2>180001</conf2>
	<conf3>180002</conf3>
	<conf4>180003</conf4>
	<conf5>180004</conf5>
	<conf6>180005</conf6>
	<conf7>180006</conf7>
	<oscal1>none</oscal1>
	<oscal2>none</oscal2>
	<oscal3>none</oscal3>
	<delay>50</delay>
	<word>FFFF</word>
  </name>
  
  <name model="PIC18F26K50">
	<id>0x5D20</id>
	<type>16</type>
	<f_size>65536</f_size>
	<f_psize>64</f_psize>
	<ee_size>256</ee_size>
	<f_start>0</f_start>
	<ee_start>780000</ee_start>
	<ee_type>1</ee_type>
	<conf1>180000</conf1>
	<conf2>180001</conf2>
	<conf3>180002</conf3>
	<conf4>180003</conf4>
	<conf5>180004</conf5>
	<conf6>180005</conf6>
	<conf7>180006</conf7>
	<oscal1>none</oscal1>
	<oscal2>none</oscal2>
	<oscal3>none</oscal3>
	<delay>50</delay>
	<word>FFFF</word>
  </name>
 
  <name model="PIC18F2680">
	<id>0x0CE0</id>
	<type>3</type>
	<f_size>65536</f_size>
	<f_psize>64</f_psize>
	<ee_size>1024</ee_size>
	<f_start>0</f_start>
	<ee_start>780000</ee_start>
	<ee_type>1</ee_type>
	<conf1>180000</conf1>
	<conf2>180001</conf2>
	<conf3>180002</conf3>
	<conf4>180003</conf4>
	<conf5>180004</conf5>
	<conf6>180005</conf6>
	<conf7>180006</conf7>
	<oscal1>none</oscal1>
	<oscal2>none</oscal2>
	<oscal3>none</oscal3>
	<delay>50</delay>
	<word>FFFF</word>
  </name>
 
  <name model="PIC18F26K80">
	<id>0x6100</id>
	<type>5</type>
	<f_size>65536</f_size>
	<f_psize>64</f_psize>
	<ee_size>1024</ee_size>
	<f_start>0</f_start>
	<ee_start>780000</ee_start>
	<ee_type>1</ee_type>
	<conf1>180000</conf1>
	<conf2>180001</conf2>
	<conf3>180002</conf3>
	<conf4>180003</conf4>
	<conf5>180004</conf5>
	<conf6>180005</conf6>
	<conf7>180006</conf7>
	<oscal1>none</oscal1>
	<oscal2>none</oscal2>
	<oscal3>none</oscal3>
	<delay>50</delay>
	<word>FFFF</word>
  </name>
  
<name model="PIC18F27Q10">
	<id>0x7100</id>
	<type>19</type>
	<f_size>131072</f_size>
	<f_psize>1</f_psize>
	<ee_size>1024</ee_size>
	<f_start>0</f_start>
	<ee_start>188000</ee_start>
	<ee_type>1</ee_type>
	<conf1>180000</conf1>
	<conf2>180001</conf2>
	<conf3>180002</conf3>
	<conf4>180003</conf4>
	<conf5>180004</conf5>
	<conf6>180005</conf6>
	<conf7>none</conf7>
	<oscal1>none</oscal1>
	<oscal2>none</oscal2>
	<oscal3>none</oscal3>
	<delay>3</delay>
	<word>FFFF</word>
  </name>
 
  <name model="PIC18F458">
	<id>0x0860</id>
	<type>20</type>
	<f_size>32768</f_size>
	<f_psize>8</f_psize>
	<ee_size>256</ee_size>
	<f_start>0</f_start>
	<ee_start>780000</ee_start>
	<ee_type>1</ee_type>
	<conf1>180000</conf1>
	<conf2>180001</conf2>
	<conf3>180002</conf3>
	<conf4>180003</conf4>
	<conf5>180004</conf5>
	<conf6>180005</conf6>
	<conf7>180006</conf7>
	<oscal1>none</oscal1>
	<oscal2>none</oscal2>
	<oscal3>none</oscal3>
	<delay>50</delay>
	<word>FFFF</word>
  </name>
 
<name model="PIC18F43K22">
	<id>0x5700</id>
	<type>16</type>
	<f_size>8192</f_size>
	<f_psize>64</f_psize>
	<ee_size>256</ee_size>
	<f_start>0</f_start>
	<ee_start>780000</ee_start>
	<ee_type>1</ee_type>
	<conf1>180000</conf1>
	<conf2>180001</conf2>
	<conf3>180002</conf3>
	<conf4>180003</conf4>
	<conf5>180004</conf5>
	<conf6>180005</conf6>
	<conf7>180006</conf7>
	<oscal1>none</oscal1>
	<oscal2>none</oscal2>
	<oscal3>none</oscal3>
	<delay>50</delay>
	<word>FFFF</word>
  </name>
  
  <name model="PIC18F44K22">
	<id>0x5600</id>
	<type>16</type>
	<f_size>16384</f_size>
	<f_psize>64</f_psize>
	<ee_size>256</ee_size>
	<f_start>0</f_start>
	<ee_start>780000</ee_start>
	<ee_type>1</ee_type>
	<conf1>180000</conf1>
	<conf2>180001</conf2>
	<conf3>180002</conf3>
	<conf4>180003</conf4>
	<conf5>180004</conf5>
	<conf6>180005</conf6>
	<conf7>180006</conf7>
	<oscal1>none</oscal1>
	<oscal2>none</oscal2>
	<oscal3>none</oscal3>
	<delay>50</delay>
	<word>FFFF</word>
  </name>
  
<name model="PIC18F45Q10">
	<id>0x7140</id>
	<type>19</type>
	<f_size>32768</f_size>
	<f_psize>1</f_psize>
	<ee_size>256</ee_size>
	<f_start>0</f_start>
	<ee_start>188000</ee_start>
	<ee_type>1</ee_type>
	<conf1>180000</conf1>
	<conf2>180001</conf2>
	<conf3>180002</conf3>
	<conf4>180003</conf4>
	<conf5>180004</conf5>
	<conf6>180005</conf6>
	<conf7>none</conf7>
	<oscal1>none</oscal1>
	<oscal2>none</oscal2>
	<oscal3>none</oscal3>
	<delay>3</delay>
	<word>FFFF</word>
  </name>
 
   <name model="PIC18F4515">
	<id>0x0C98</id>
	<type>3</type>
	<f_size>49152</f_size>
	<f_psize>64</f_psize>
	<ee_size>0</ee_size>
	<f_start>0</f_start>
	<ee_start>780000</ee_start>
	<ee_type>1</ee_type>
	<conf1>180000</conf1>
	<conf2>180001</conf2>
	<conf3>180002</conf3>
	<conf4>180003</conf4>
	<conf5>180004</conf5>
	<conf6>180005</conf6>
	<conf7>180006</conf7>
	<oscal1>none</oscal1>
	<oscal2>none</oscal2>
	<oscal3>none</oscal3>
	<delay>50</delay>
	<word>FFFF</word>
  </name>
  
<name model="PIC18F4520">
	<id>0x1080</id>
	<type>3</type>
	<f_size>32768</f_size>
	<f_psize>32</f_psize>
	<ee_size>256</ee_size>
	<f_start>0</f_start>
	<ee_start>780000</ee_start>
	<ee_type>1</ee_type>
	<conf1>180000</conf1>
	<conf2>180001</conf2>
	<conf3>180002</conf3>
	<conf4>180003</conf4>
	<conf5>180004</conf5>
	<conf6>180005</conf6>
	<conf7>180006</conf7>
	<oscal1>none</oscal1>
	<oscal2>none</oscal2>
	<oscal3>none</oscal3>
	<delay>50</delay>
	<word>FFFF</word>
  </name>
  
  <name model="PIC18F45K22">
	<id>0x5500</id>
	<type>16</type>
	<f_size>32768</f_size>
	<f_psize>64</f_psize>
	<ee_size>256</ee_size>
	<f_start>0</f_start>
	<ee_start>780000</ee_start>
	<ee_type>1</ee_type>
	<conf1>180000</conf1>
	<conf2>180001</conf2>
	<conf3>180002</conf3>
	<conf4>180003</conf4>
	<conf5>180004</conf5>
	<conf6>180005</conf6>
	<conf7>180006</conf7>
	<oscal1>none</oscal1>
	<oscal2>none</oscal2>
	<oscal3>none</oscal3>
	<delay>50</delay>
	<word>FFFF</word>
  </name>

  <name model="PIC18F4525">
	<id>0x0CE0</id>
	<type>3</type>
	<f_size>49152</f_size>
	<f_psize>64</f_psize>
	<ee_size>1024</ee_size>
	<f_start>0</f_start>
	<ee_start>780000</ee_start>
	<ee_type>1</ee_type>
	<conf1>180000</conf1>
	<conf2>180001</conf2>
	<conf3>180002</conf3>
	<conf4>180003</conf4>
	<conf5>180004</conf5>
	<conf6>180005</conf6>
	<conf7>180006</conf7>
	<oscal1>none</oscal1>
	<oscal2>none</oscal2>
	<oscal3>none</oscal3>
	<delay>50</delay>
	<word>FFFF</word>
  </name>
 
  <name model="PIC18F4550">
	<id>0x1200</id>
	<type>3</type>
	<f_size>32768</f_size>
	<f_psize>32</f_psize>
	<ee_size>256</ee_size>
	<f_start>0</f_start>
	<ee_start>780000</ee_start>
	<ee_type>1</ee_type>
	<conf1>180000</conf1>
	<conf2>180001</conf2>
	<conf3>180002</conf3>
	<conf4>180003</conf4>
	<conf5>180004</conf5>
	<conf6>180005</conf6>
	<conf7>180006</conf7>
	<oscal1>none</oscal1>
	<oscal2>none</oscal2>
	<oscal3>none</oscal3>
	<delay>50</delay>
	<word>FFFF</word>
  </name>
  
  <name model="PIC18F45K50">
	<id>0x5C00</id>
	<type>16</type>
	<f_size>32768</f_size>
	<f_psize>64</f_psize>
	<ee_size>256</ee_size>
	<f_start>0</f_start>
	<ee_start>780000</ee_start>
	<ee_type>1</ee_type>
	<conf1>180000</conf1>
	<conf2>180001</conf2>
	<conf3>180002</conf3>
	<conf4>180003</conf4>
	<conf5>180004</conf5>
	<conf6>180005</conf6>
	<conf7>180006</conf7>
	<oscal1>none</oscal1>
	<oscal2>none</oscal2>
	<oscal3>none</oscal3>
	<delay>50</delay>
	<word>FFFF</word>
  </name>
	
  <name model="PIC18F45K80">
	<id>0x6160</id>
	<type>5</type>
	<f_size>32768</f_size>
	<f_psize>64</f_psize>
	<ee_size>1024</ee_size>
	<f_start>0</f_start>
	<ee_start>780000</ee_start>
	<ee_type>1</ee_type>
	<conf1>180000</conf1>
	<conf2>180001</conf2>
	<conf3>180002</conf3>
	<conf4>180003</conf4>
	<conf5>180004</conf5>
	<conf6>180005</conf6>
	<conf7>180006</conf7>
	<oscal1>none</oscal1>
	<oscal2>none</oscal2>
	<oscal3>none</oscal3>
	<delay>50</delay>
	<word>FFFF</word>
  </name>
 
   <name model="PIC18F4585">
	<id>0x0CE0</id>
	<type>3</type>
	<f_size>49152</f_size>
	<f_psize>64</f_psize>
	<ee_size>1024</ee_size>
	<f_start>0</f_start>
	<ee_start>780000</ee_start>
	<ee_type>1</ee_type>
	<conf1>180000</conf1>
	<conf2>180001</conf2>
	<conf3>180002</conf3>
	<conf4>180003</conf4>
	<conf5>180004</conf5>
	<conf6>180005</conf6>
	<conf7>180006</conf7>
	<oscal1>none</oscal1>
	<oscal2>none</oscal2>
	<oscal3>none</oscal3>
	<delay>50</delay>
	<word>FFFF</word>
  </name>
 
<name model="PIC18F4610">
	<id>0x0CA0</id>
	<type>3</type>
	<f_size>65536</f_size>
	<f_psize>64</f_psize>
	<ee_size>0</ee_size>
	<f_start>0</f_start>
	<ee_start>780000</ee_start>
	<ee_type>1</ee_type>
	<conf1>180000</conf1>
	<conf2>180001</conf2>
	<conf3>180002</conf3>
	<conf4>180003</conf4>
	<conf5>180004</conf5>
	<conf6>180005</conf6>
	<conf7>180006</conf7>
	<oscal1>none</oscal1>
	<oscal2>none</oscal2>
	<oscal3>none</oscal3>
	<delay>50</delay>
	<word>FFFF</word>
  </name>
  
<name model="PIC18F46Q10">
	<id>0x7120</id>
	<type>19</type>
	<f_size>65536</f_size>
	<f_psize>1</f_psize>
	<ee_size>1024</ee_size>
	<f_start>0</f_start>
	<ee_start>188000</ee_start>
	<ee_type>1</ee_type>
	<conf1>180000</conf1>
	<conf2>180001</conf2>
	<conf3>180002</conf3>
	<conf4>180003</conf4>
	<conf5>180004</conf5>
	<conf6>180005</conf6>
	<conf7>none</conf7>
	<oscal1>none</oscal1>
	<oscal2>none</oscal2>
	<oscal3>none</oscal3>
	<delay>3</delay>
	<word>FFFF</word>
  </name>
 
  <name model="PIC18F4620">
	<id>0x0CE0</id>
	<type>3</type>
	<f_size>65536</f_size>
	<f_psize>64</f_psize>
	<ee_size>1024</ee_size>
	<f_start>0</f_start>
	<ee_start>780000</ee_start>
	<ee_type>1</ee_type>
	<conf1>180000</conf1>
	<conf2>180001</conf2>
	<conf3>180002</conf3>
	<conf4>180003</conf4>
	<conf5>180004</conf5>
	<conf6>180005</conf6>
	<conf7>180006</conf7>
	<oscal1>none</oscal1>
	<oscal2>none</oscal2>
	<oscal3>none</oscal3>
	<delay>50</delay>
	<word>FFFF</word>
  </name>
  
  <name model="PIC18F46K22">
	<id>0x5400</id>
	<type>16</type>
	<f_size>65536</f_size>
	<f_psize>64</f_psize>
	<ee_size>1024</ee_size>
	<f_start>0</f_start>
	<ee_start>780000</ee_start>
	<ee_type>1</ee_type>
	<conf1>180000</conf1>
	<conf2>180001</conf2>
	<conf3>180002</conf3>
	<conf4>180003</conf4>
	<conf5>180004</conf5>
	<conf6>180005</conf6>
	<conf7>180006</conf7>
	<oscal1>none</oscal1>
	<oscal2>none</oscal2>
	<oscal3>none</oscal3>
	<delay>50</delay>
	<word>FFFF</word>
  </name>
  
  <name model="PIC18F46K50">
	<id>0x5D00</id>
	<type>16</type>
	<f_size>65536</f_size>
	<f_psize>64</f_psize>
	<ee_size>256</ee_size>
	<f_start>0</f_start>
	<ee_start>780000</ee_start>
	<ee_type>1</ee_type>
	<conf1>180000</conf1>
	<conf2>180001</conf2>
	<conf3>180002</conf3>
	<conf4>180003</conf4>
	<conf5>180004</conf5>
	<conf6>180005</conf6>
	<conf7>180006</conf7>
	<oscal1>none</oscal1>
	<oscal2>none</oscal2>
	<oscal3>none</oscal3>
	<delay>50</delay>
	<word>FFFF</word>
  </name>
 
  <name model="PIC18F4680">
	<id>0x0CE0</id>
	<type>3</type>
	<f_size>65536</f_size>
	<f_psize>64</f_psize>
	<ee_size>1024</ee_size>
	<f_start>0</f_start>
	<ee_start>780000</ee_start>
	<ee_type>1</ee_type>
	<conf1>180000</conf1>
	<conf2>180001</conf2>
	<conf3>180002</conf3>
	<conf4>180003</conf4>
	<conf5>180004</conf5>
	<conf6>180005</conf6>
	<conf7>180006</conf7>
	<oscal1>none</oscal1>
	<oscal2>none</oscal2>
	<oscal3>none</oscal3>
	<delay>50</delay>
	<word>FFFF</word>
  </name>
 
  <name model="PIC18F46K80">
	<id>0x6100</id>
	<type>5</type>
	<f_size>65536</f_size>
	<f_psize>64</f_psize>
	<ee_size>1024</ee_size>
	<f_start>0</f_start>
	<ee_start>780000</ee_start>
	<ee_type>1</ee_type>
	<conf1>180000</conf1>
	<conf2>180001</conf2>
	<conf3>180002</conf3>
	<conf4>180003</conf4>
	<conf5>180004</conf5>
	<conf6>180005</conf6>
	<conf7>180006</conf7>
	<oscal1>none</oscal1>
	<oscal2>none</oscal2>
	<oscal3>none</oscal3>
	<delay>50</delay>
	<word>FFFF</word>
  </name>
  
<name model="PIC18F47Q10">
	<id>0x70E0</id>
	<type>19</type>
	<f_size>131072</f_size>
	<f_psize>1</f_psize>
	<ee_size>1024</ee_size>
	<f_start>0</f_start>
	<ee_start>188000</ee_start>
	<ee_type>1</ee_type>
	<conf1>180000</conf1>
	<conf2>180001</conf2>
	<conf3>180002</conf3>
	<conf4>180003</conf4>
	<conf5>180004</conf5>
	<conf6>180005</conf6>
	<conf7>none</conf7>
	<oscal1>none</oscal1>
	<oscal2>none</oscal2>
	<oscal3>none</oscal3>
	<delay>3</delay>
	<word>FFFF</word>
  </name>
  
  <name model="PIC18F47Q84">
	<id>0x9904</id>
	<type>8</type>
	<f_size>131072</f_size>
	<f_psize>1</f_psize>
	<ee_size>1024</ee_size>
	<f_start>0</f_start>
	<ee_start>1C0000</ee_start>
	<ee_type>1</ee_type>
	<conf1>180000</conf1>
	<conf2>180001</conf2>
	<conf3>180002</conf3>
	<conf4>180003</conf4>
	<conf5>180004</conf5>
	<conf6>180005</conf6>
	<conf7>none</conf7>
	<oscal1>none</oscal1>
	<oscal2>none</oscal2>
	<oscal3>none</oscal3>
	<delay>80</delay>
	<word>FFFF</word>
  </name>
  
  <name model="PIC18F67J11">
	<id>0x4480</id>
	<type>13</type>
	<f_size>131072</f_size>
	<f_psize>64</f_psize>
	<ee_size>0</ee_size>
	<f_start>0</f_start>
	<ee_start>0</ee_start>
	<ee_type>1</ee_type>
	<conf1>180000</conf1>
	<conf2>180001</conf2>
	<conf3>180002</conf3>
	<conf4>180003</conf4>
	<conf5>none</conf5>
	<conf6>none</conf6>
	<conf7>none</conf7>
	<oscal1>none</oscal1>
	<oscal2>none</oscal2>
	<oscal3>none</oscal3>
	<delay>80</delay>
	<word>FFFF</word>
  </name>
	
</pic>